<?xml version="1.0" encoding="utf-8" standalone="yes"?>
<settings>
    <category label="30005">
        <setting id="PASSid"  type="text" label="30000" default="" />
        <setting id="PASStoken"  type="text" label="30001"  default="" />
        <setting id="CMStoken"  type="text" label="30002"  default="" />
		<setting id="logged"  type="text" label="30010"  default="false" />
    </category>	
    <category label="30006" >
        <setting id="auto-view" type="bool" label="30003" default="false" enable=/>
    </category> 
    <category label="30008" >
        <setting id="drmcert" type="bool" label="30009" default="false" enable=/>
    </category> 	
</settings>


